assigned_cen	chr	core_start	core_end	core_length_bp	window_size	window_step	windows	windows_with_units	fraction_windows_with_units	total_window_units	max_window_units	mean_window_units	top_10pct_windows_fraction_of_units	gini_window_units	windows_with_blocks	fraction_windows_with_blocks	total_window_blocks	max_window_blocks	mean_window_blocks	top_10pct_windows_fraction_of_blocks	gini_window_blocks
CEN1	Chr1	15000000	17000000	2000001	100000	25000	78	78	1.000000	726	19	9.307692	0.169421	0.183090	78	1.000000	55223	1021	707.987179	0.141916	0.108831
CEN2	Chr2	4800000	6300000	1500001	100000	25000	58	58	1.000000	651	24	11.224138	0.187404	0.229276	58	1.000000	36574	800	630.586207	0.127304	0.072844
CEN3	Chr3	14000000	15700000	1700001	100000	25000	66	66	1.000000	1296	48	19.636364	0.229167	0.332585	66	1.000000	41497	793	628.742424	0.130033	0.077326
CEN4	Chr4	4800000	6200000	1400001	100000	25000	54	54	1.000000	739	25	13.685185	0.192152	0.195935	54	1.000000	42232	944	782.074074	0.130943	0.070713
CEN5	Chr5	12700000	14400000	1700001	100000	25000	66	66	1.000000	2096	71	31.757576	0.217557	0.300732	66	1.000000	42764	790	647.939394	0.126041	0.074571
