assigned_cen	chr	core_start	core_end	core_length_bp	window_size	window_step	windows	windows_with_units	fraction_windows_with_units	total_window_units	max_window_units	mean_window_units	top_10pct_windows_fraction_of_units	gini_window_units	windows_with_blocks	fraction_windows_with_blocks	total_window_blocks	max_window_blocks	mean_window_blocks	top_10pct_windows_fraction_of_blocks	gini_window_blocks
CEN1	Chr1	15000000	17000000	2000001	100000	25000	78	78	1.000000	628	16	8.051282	0.170382	0.193573	78	1.000000	57589	1039	738.320513	0.137561	0.100964
CEN2	Chr2	4800000	6300000	1500001	100000	25000	58	58	1.000000	615	25	10.603448	0.204878	0.237258	58	1.000000	37517	788	646.844828	0.122958	0.067665
CEN3	Chr3	14000000	15700000	1700001	100000	25000	66	66	1.000000	1242	48	18.818182	0.236715	0.359269	66	1.000000	44937	853	680.863636	0.131384	0.087380
CEN4	Chr4	4800000	6200000	1400001	100000	25000	54	54	1.000000	697	25	12.907407	0.189383	0.195202	54	1.000000	51636	1098	956.222222	0.125649	0.048528
CEN5	Chr5	12700000	14400000	1700001	100000	25000	66	66	1.000000	2141	71	32.439394	0.214853	0.302641	66	1.000000	44751	808	678.045455	0.124265	0.070827
